{
    "nodes": [
        {
            "y": -1281.7540283203125,
            "x": 2498.380126953125,
            "artist_id": "AR82DJK1187B991107"
        },
        {
            "y": -1146.4553833007812,
            "x": 421.5451354980469,
            "artist_id": "ARHONG11187FB3B120"
        },
        {
            "y": -926.1343688964844,
            "x": 1284.6697387695312,
            "artist_id": "ARBUOOR1187B997391"
        },
        {
            "y": -1070.5610961914062,
            "x": 755.147705078125,
            "artist_id": "ARJVTRE1187B9959C0"
        },
        {
            "y": -575.9638977050781,
            "x": 1700.630126953125,
            "artist_id": "ARZKUQF11F4C8456E8"
        },
        {
            "y": -1383.2012939453125,
            "x": 1961.8392944335938,
            "artist_id": "AREV2491187B9B017E"
        },
        {
            "y": -1362.1309204101562,
            "x": 1282.7596435546875,
            "artist_id": "AR0IVSA1187FB4F069"
        },
        {
            "y": -1615.4082641601562,
            "x": 851.1669311523438,
            "artist_id": "ARDG9Z71187B997023"
        },
        {
            "y": -1464.29345703125,
            "x": 394.8647918701172,
            "artist_id": "AR8Q4RZ1187FB46BDC"
        },
        {
            "y": -1437.0530395507812,
            "x": 2399.80419921875,
            "artist_id": "ARSE5NP1187B9B98AB"
        },
        {
            "y": -1562.714599609375,
            "x": 1649.867919921875,
            "artist_id": "AR1Q25M1187B9B0D73"
        },
        {
            "y": -584.35009765625,
            "x": 1418.8565063476562,
            "artist_id": "ARSPUJF1187B9A14B8"
        },
        {
            "y": -1139.5467529296875,
            "x": 1419.197265625,
            "artist_id": "AR14CJ91187FB3A994"
        },
        {
            "y": -1553.9251708984375,
            "x": 1801.8327026367188,
            "artist_id": "ARWC1WN1187FB516CE"
        },
        {
            "y": -1180.5504150390625,
            "x": 2266.2537841796875,
            "artist_id": "ARMB95F1187B9B5B93"
        },
        {
            "y": -1440.39599609375,
            "x": 631.523193359375,
            "artist_id": "AROCBZZ11E2835D652"
        },
        {
            "y": -1603.599853515625,
            "x": 2027.44384765625,
            "artist_id": "AR0CANF1187B9AF35F"
        },
        {
            "y": -576.5788269042969,
            "x": 1934.6475219726562,
            "artist_id": "AR7N7MI1187FB46935"
        },
        {
            "y": -1416.3391723632812,
            "x": 218.10362243652344,
            "artist_id": "ARB054P1187B9AD32E"
        },
        {
            "y": -675.1134338378906,
            "x": 776.2825012207031,
            "artist_id": "AR6Y8JF1187B9BA1D5"
        },
        {
            "y": -978.2084045410156,
            "x": 2123.284423828125,
            "artist_id": "ARTDQRC1187FB4EFD4"
        },
        {
            "y": -1520.4453735351562,
            "x": 407.1764221191406,
            "artist_id": "ARCLLH11187FB48DE0"
        },
        {
            "y": -2125.9490966796875,
            "x": 1466.566650390625,
            "artist_id": "ARHD3RX1187FB3A7DA"
        },
        {
            "y": -1831.4715576171875,
            "x": 1649.0555419921875,
            "artist_id": "ARZZRK91187B9A5CA5"
        },
        {
            "y": -848.6282653808594,
            "x": 2461.483642578125,
            "artist_id": "AR2FSX31187B98E3EF"
        },
        {
            "y": -1183.9808959960938,
            "x": 1658.16259765625,
            "artist_id": "ARNUFGE1187B9B7881"
        },
        {
            "y": -1224.528076171875,
            "x": 376.42066955566406,
            "artist_id": "ARXLX5L1187FB47BED"
        },
        {
            "y": -949.1763610839844,
            "x": 819.8338623046875,
            "artist_id": "ARNEL2O1187FB4421A"
        },
        {
            "y": -1747.5164794921875,
            "x": 1809.7823486328125,
            "artist_id": "ARNNQ9E1187FB3C82F"
        },
        {
            "y": -2114.107421875,
            "x": 1095.002197265625,
            "artist_id": "ARMOHN71187FB3959F"
        },
        {
            "y": -1102.1430053710938,
            "x": 459.76507568359375,
            "artist_id": "AR6C6VO1187FB4E267"
        },
        {
            "y": -1220.3785400390625,
            "x": 1099.093017578125,
            "artist_id": "ARCZ20M1187FB49687"
        },
        {
            "y": -1936.6171264648438,
            "x": 1809.3053588867188,
            "artist_id": "ARTYXQC1187B9ACAB2"
        },
        {
            "y": -1115.3782348632812,
            "x": 785.2034606933594,
            "artist_id": "ARHWVGW1187FB41479"
        },
        {
            "y": -1042.6458129882812,
            "x": 620.3697509765625,
            "artist_id": "AR8SRQ31187FB4D477"
        },
        {
            "y": -1216.6802368164062,
            "x": 1215.3256225585938,
            "artist_id": "ARMBTFC1187FB56343"
        },
        {
            "y": -1173.7478637695312,
            "x": 525.6668701171875,
            "artist_id": "ARZTSYB1187FB54987"
        },
        {
            "y": -843.7307739257812,
            "x": 662.6303100585938,
            "artist_id": "ARNZ70R1187B9A4824"
        },
        {
            "y": -2110.0599365234375,
            "x": 1167.8677978515625,
            "artist_id": "ARI4SKQ1187B9B43B0"
        },
        {
            "y": -1169.9010009765625,
            "x": 1867.3212890625,
            "artist_id": "ARTE9CG1187B99B1AF"
        },
        {
            "y": -923.9528503417969,
            "x": 2351.216064453125,
            "artist_id": "ARAEX7Y1187FB42D36"
        },
        {
            "y": -1853.6507568359375,
            "x": 1014.7828369140625,
            "artist_id": "ARD2NDU1187B99B615"
        },
        {
            "y": -904.3455810546875,
            "x": 2100.895751953125,
            "artist_id": "AR3JMC51187B9AE49D"
        },
        {
            "y": -1461.3330078125,
            "x": 516.9501495361328,
            "artist_id": "AR76DOS1187FB5AE78"
        },
        {
            "y": -816.3682250976562,
            "x": 614.878173828125,
            "artist_id": "ARNPPTH1187B9AD429"
        },
        {
            "y": -1058.3773193359375,
            "x": 408.205810546875,
            "artist_id": "AR5J8XN1187B9B712E"
        },
        {
            "y": -937.3561706542969,
            "x": 1100.2904663085938,
            "artist_id": "AR633SY1187B9AC3B9"
        },
        {
            "y": -551.9244689941406,
            "x": 1363.1495361328125,
            "artist_id": "ARP7ILI1187B9AE9F7"
        },
        {
            "y": -811.5413208007812,
            "x": 422.8912658691406,
            "artist_id": "AR261YW1187FB374B3"
        },
        {
            "y": -1032.4337463378906,
            "x": 454.3474426269531,
            "artist_id": "AR1ABAO1187FB531E1"
        },
        {
            "y": -1079.5840454101562,
            "x": 1198.2178344726562,
            "artist_id": "ARUJ5A41187FB3F5F1"
        },
        {
            "y": -1303.59423828125,
            "x": 1090.4654541015625,
            "artist_id": "ARIPLUN1187B99B9F9"
        },
        {
            "y": -1977.3541259765625,
            "x": 1676.555419921875,
            "artist_id": "AR57Z841187B9B7D7D"
        },
        {
            "y": -697.7181701660156,
            "x": 702.7934265136719,
            "artist_id": "AR8ACFK1187B9B4063"
        },
        {
            "y": -1757.7216796875,
            "x": 1554.2503662109375,
            "artist_id": "AR0DSOO1187B9B855E"
        },
        {
            "y": -983.9645690917969,
            "x": 1602.7501220703125,
            "artist_id": "AR7CCCC1187FB578FF"
        },
        {
            "y": -1624.3077392578125,
            "x": 1130.8408203125,
            "artist_id": "AR7G5I41187FB4CE6C"
        },
        {
            "y": -1585.7420043945312,
            "x": 1859.9525756835938,
            "artist_id": "ARZH3SW1187B98C96E"
        },
        {
            "y": -1498.5328979492188,
            "x": 1619.2178955078125,
            "artist_id": "ARLHO5Z1187FB4C861"
        },
        {
            "y": -1111.8272705078125,
            "x": 1093.71630859375,
            "artist_id": "AR8W8DN1187FB35ED0"
        },
        {
            "y": -1431.6344604492188,
            "x": 1609.7155151367188,
            "artist_id": "ARZ7IH41187FB3B8F5"
        },
        {
            "y": -1365.664306640625,
            "x": 342.111083984375,
            "artist_id": "ARHI20L1187FB4C997"
        },
        {
            "y": -1134.3792114257812,
            "x": 1704.2818603515625,
            "artist_id": "ARFTMGO1187B9A777A"
        },
        {
            "y": -1754.1040649414062,
            "x": 1316.6569213867188,
            "artist_id": "ARPKATM1187B9B76E6"
        },
        {
            "y": -1488.0689697265625,
            "x": 1091.410888671875,
            "artist_id": "ARQ76LG1187B9ACD84"
        },
        {
            "y": -852.2382202148438,
            "x": 724.0650024414062,
            "artist_id": "AR58SJE1187B9A8E4C"
        },
        {
            "y": -559.7293395996094,
            "x": 1290.1224365234375,
            "artist_id": "ARF5M7Q1187FB501E8"
        },
        {
            "y": -1141.447265625,
            "x": 1594.9174194335938,
            "artist_id": "ARGUACZ1187FB3F35C"
        },
        {
            "y": -637.3275146484375,
            "x": 2515.23974609375,
            "artist_id": "ARZDUJG1242077E2C5"
        },
        {
            "y": -1546.15576171875,
            "x": 669.8211975097656,
            "artist_id": "AR3752L1187FB4B67E"
        },
        {
            "y": -988.8976745605469,
            "x": 712.6354675292969,
            "artist_id": "ARPISA41187FB3DE42"
        },
        {
            "y": -1102.6387939453125,
            "x": 2588.62353515625,
            "artist_id": "ARCF06I1187B995398"
        },
        {
            "y": -2023.5333251953125,
            "x": 1618.672119140625,
            "artist_id": "ARJPZSG1187FB3E985"
        },
        {
            "y": -1270.023193359375,
            "x": 2322.6148681640625,
            "artist_id": "AR3MSAN1187B98F06B"
        },
        {
            "y": -621.813232421875,
            "x": 1618.1416015625,
            "artist_id": "ARYGSFW1187FB519B1"
        },
        {
            "y": -1012.072998046875,
            "x": 1731.3165893554688,
            "artist_id": "ARM5JLS1187FB3615B"
        },
        {
            "y": -1784.8851318359375,
            "x": 1490.7670288085938,
            "artist_id": "ARJDMBO1187B9AD118"
        },
        {
            "y": -959.9997863769531,
            "x": 1699.7335205078125,
            "artist_id": "ARA7YDA1187B9A5776"
        },
        {
            "y": -959.7305603027344,
            "x": 1415.8184204101562,
            "artist_id": "AR0B1CH1187FB3A824"
        },
        {
            "y": -2118.71435546875,
            "x": 1260.4118041992188,
            "artist_id": "ARHINI31187B995C1D"
        },
        {
            "y": -2144.8868408203125,
            "x": 1389.3406982421875,
            "artist_id": "ARHCERP1187B9912A5"
        },
        {
            "y": -1439.5562744140625,
            "x": 1293.2918090820312,
            "artist_id": "ARG3UX61187B9AC05A"
        },
        {
            "y": -1611.7195434570312,
            "x": 1359.1419677734375,
            "artist_id": "ARHL8SP1187B98F8A3"
        },
        {
            "y": -781.7459411621094,
            "x": 1625.159912109375,
            "artist_id": "ARN0DMU1187FB5B63A"
        },
        {
            "y": -1107.008544921875,
            "x": 1267.0716552734375,
            "artist_id": "ARQXAUH1187B9BA010"
        },
        {
            "y": -981.7892456054688,
            "x": 1065.30517578125,
            "artist_id": "ARN5NHX1187FB4F755"
        },
        {
            "y": -633.6814575195312,
            "x": 2187.1044921875,
            "artist_id": "ARJGIOD1187B9AE920"
        },
        {
            "y": -1368.2315673828125,
            "x": 1708.7092895507812,
            "artist_id": "ARSL5SP1187B9A7AE0"
        },
        {
            "y": -1825.4903564453125,
            "x": 1405.3523559570312,
            "artist_id": "ARPTJHV11F4C83EF53"
        },
        {
            "y": -1430.1097412109375,
            "x": 353.59144592285156,
            "artist_id": "ARRT66G1187FB3DDF9"
        },
        {
            "y": -1555.1456298828125,
            "x": 1725.90673828125,
            "artist_id": "ARH0Z131187B9B69E9"
        },
        {
            "y": -1168.2625732421875,
            "x": 929.6713562011719,
            "artist_id": "AR9A5TK1187B9AD07F"
        },
        {
            "y": -915.3004150390625,
            "x": 992.5893859863281,
            "artist_id": "ARDK0551187FB5AC48"
        },
        {
            "y": -842.3998413085938,
            "x": 1019.5773315429688,
            "artist_id": "AR97EHA1187B98AD5F"
        },
        {
            "y": -1076.3796997070312,
            "x": 1726.5536499023438,
            "artist_id": "ARGKD4W1187B990E04"
        },
        {
            "y": -1526.0433349609375,
            "x": 1890.3923950195312,
            "artist_id": "ARDSWIE1187FB39056"
        },
        {
            "y": -1560.7091674804688,
            "x": 869.3752136230469,
            "artist_id": "ARNFTGS1187B9A465F"
        },
        {
            "y": -1471.50830078125,
            "x": 582.875244140625,
            "artist_id": "ARAOBIZ1187FB38574"
        },
        {
            "y": -999.391845703125,
            "x": 1309.642578125,
            "artist_id": "ARD4C1I1187FB4B0C3"
        },
        {
            "y": -1772.002685546875,
            "x": 1616.0374755859375,
            "artist_id": "AR3PN3R1187FB4CEBD"
        },
        {
            "y": -1027.0405578613281,
            "x": 554.8972473144531,
            "artist_id": "ARMI8BW1187FB57B2E"
        },
        {
            "y": -965.5020141601562,
            "x": 2398.675048828125,
            "artist_id": "AR52EZT1187B9900BF"
        },
        {
            "y": -1261.0820922851562,
            "x": 441.86932373046875,
            "artist_id": "AR8AVU31187FB42175"
        },
        {
            "y": -698.1264953613281,
            "x": 2573.849609375,
            "artist_id": "ARQHLIO1187B98AA6A"
        },
        {
            "y": -794.3079833984375,
            "x": 2578.353759765625,
            "artist_id": "AR6IJJ41187B98C872"
        },
        {
            "y": -871.3519592285156,
            "x": 1969.6913452148438,
            "artist_id": "ARAKARO1187B9A1EB6"
        },
        {
            "y": -1096.525634765625,
            "x": 966.2319946289062,
            "artist_id": "AR2SMD91187B9B0582"
        },
        {
            "y": -1616.1807250976562,
            "x": 1710.5800170898438,
            "artist_id": "AR2SGQW1187B9B9E7C"
        },
        {
            "y": -659.3933410644531,
            "x": 2347.56884765625,
            "artist_id": "ARLAWDD1187FB48367"
        },
        {
            "y": -794.031005859375,
            "x": 2334.8944091796875,
            "artist_id": "AR6PJ8R1187FB5AD70"
        },
        {
            "y": -1307.7880859375,
            "x": 429.65625,
            "artist_id": "ARSEC9Q1187B98912D"
        },
        {
            "y": -1881.2742919921875,
            "x": 936.5166625976562,
            "artist_id": "ARN2ZKL1187FB3972B"
        },
        {
            "y": -1183.4244384765625,
            "x": 1541.9413452148438,
            "artist_id": "ARQCFI11187FB5AE43"
        },
        {
            "y": -1394.8439331054688,
            "x": 1871.7732543945312,
            "artist_id": "AR0D6EL1187B9AF46B"
        },
        {
            "y": -1624.5970458984375,
            "x": 908.7695922851562,
            "artist_id": "ARJG2ID1187B9A767E"
        },
        {
            "y": -1226.3555297851562,
            "x": 807.1596069335938,
            "artist_id": "ARM7EDF1187B9B3FA1"
        },
        {
            "y": -1404.540771484375,
            "x": 301.3016815185547,
            "artist_id": "ARNDL191187FB51583"
        },
        {
            "y": -807.7138671875,
            "x": 557.2672729492188,
            "artist_id": "AROY6XW1187B991121"
        },
        {
            "y": -969.8366088867188,
            "x": 615.7532348632812,
            "artist_id": "ARNLO5S1187B9B80CC"
        },
        {
            "y": -1418.752197265625,
            "x": 812.2182922363281,
            "artist_id": "ARS1OWB1187B99EEAD"
        },
        {
            "y": -984.413818359375,
            "x": 929.6651916503906,
            "artist_id": "ARE36MM1187B991E50"
        },
        {
            "y": -686.8423156738281,
            "x": 2142.30029296875,
            "artist_id": "ARN7POH1187B9B301E"
        },
        {
            "y": -676.2281494140625,
            "x": 2410.772705078125,
            "artist_id": "ARDCFNZ1187FB3DDB0"
        },
        {
            "y": -1419.78076171875,
            "x": 1671.5413818359375,
            "artist_id": "ARUMGZN1187FB37125"
        },
        {
            "y": -1772.6546630859375,
            "x": 2123.2587890625,
            "artist_id": "ARZENOX1187B98A645"
        },
        {
            "y": -1418.298583984375,
            "x": 729.6632080078125,
            "artist_id": "ARB336A1187B9A4583"
        },
        {
            "y": -1343.042236328125,
            "x": 384.7184143066406,
            "artist_id": "AR32ETX1187B9A792F"
        },
        {
            "y": -1188.197509765625,
            "x": 1477.7781372070312,
            "artist_id": "ARF4V431187FB3AA41"
        },
        {
            "y": -1389.141845703125,
            "x": 569.811767578125,
            "artist_id": "ARUGU0E1187B9B30F6"
        },
        {
            "y": -1138.218505859375,
            "x": 1138.2318115234375,
            "artist_id": "ARCLFWR1187B9AE7B2"
        },
        {
            "y": -1571.2496337890625,
            "x": 1115.3533325195312,
            "artist_id": "ARA1UU51187FB5A70B"
        },
        {
            "y": -1253.9920654296875,
            "x": 718.1411743164062,
            "artist_id": "ARFONSP11F50C4D175"
        },
        {
            "y": -586.902099609375,
            "x": 1835.8344116210938,
            "artist_id": "ARDGB6U1187FB3AD07"
        },
        {
            "y": -689.6206359863281,
            "x": 1896.7811279296875,
            "artist_id": "ARAIABB1187B9AC6E2"
        },
        {
            "y": -756.5701599121094,
            "x": 2449.9482421875,
            "artist_id": "AROF4LP1187FB41C51"
        },
        {
            "y": -1881.1777954101562,
            "x": 1391.0968017578125,
            "artist_id": "ARSTA431187B9A3599"
        },
        {
            "y": -856.5001831054688,
            "x": 1158.6202392578125,
            "artist_id": "AR8V1WA1187B9AD9E9"
        },
        {
            "y": -1803.6361083984375,
            "x": 1846.85595703125,
            "artist_id": "ARTWPGO1187FB52DC3"
        },
        {
            "y": -1088.4613037109375,
            "x": 601.4046325683594,
            "artist_id": "ARDIBRT1187B9AF176"
        },
        {
            "y": -900.2174682617188,
            "x": 365.6788330078125,
            "artist_id": "ARMH10M1187FB4184F"
        },
        {
            "y": -1979.2595825195312,
            "x": 1311.5323486328125,
            "artist_id": "ARJ2PMY1187FB5B563"
        },
        {
            "y": -917.187255859375,
            "x": 1505.7001953125,
            "artist_id": "AR0RCMP1187FB3F427"
        },
        {
            "y": -866.7945251464844,
            "x": 1321.1800537109375,
            "artist_id": "ARR3ONV1187B9A2F59"
        },
        {
            "y": -2186.237548828125,
            "x": 1349.37646484375,
            "artist_id": "ARUBX2Y1187B99CD25"
        },
        {
            "y": -2073.5272216796875,
            "x": 1346.0658569335938,
            "artist_id": "ARD3ICK1187B9A56C9"
        },
        {
            "y": -2197.382568359375,
            "x": 1288.9187622070312,
            "artist_id": "ARB78VW1187B98F81C"
        },
        {
            "y": -1042.6018371582031,
            "x": 2398.365966796875,
            "artist_id": "ARPDVPJ1187B9ADBE9"
        },
        {
            "y": -1891.422119140625,
            "x": 1681.7285766601562,
            "artist_id": "ARB4ROA1187B9ACAEC"
        },
        {
            "y": -1063.6563720703125,
            "x": 1025.1207580566406,
            "artist_id": "AR1RMYB1187FB5A59E"
        },
        {
            "y": -1665.5531616210938,
            "x": 2305.277587890625,
            "artist_id": "ARML3X41187FB35F2E"
        },
        {
            "y": -1736.2787475585938,
            "x": 2222.8408203125,
            "artist_id": "ARC8CQZ1187B98DECA"
        },
        {
            "y": -732.1243591308594,
            "x": 1408.9334106445312,
            "artist_id": "ARF2EHS1187B994F4E"
        },
        {
            "y": -2018.4700317382812,
            "x": 966.9556884765625,
            "artist_id": "AR10USD1187B99F3F1"
        },
        {
            "y": -1495.392333984375,
            "x": 1242.707275390625,
            "artist_id": "ARIH5GU1187FB4C958"
        },
        {
            "y": -818.33349609375,
            "x": 1707.97607421875,
            "artist_id": "AR4BDNG1187FB44870"
        },
        {
            "y": -1297.870361328125,
            "x": 805.5809020996094,
            "artist_id": "AR4GAFY1187B9B639D"
        },
        {
            "y": -1092.9212036132812,
            "x": 2469.593994140625,
            "artist_id": "ARRJ3UC1187FB579D7"
        },
        {
            "y": -1198.0549926757812,
            "x": 2549.1654052734375,
            "artist_id": "AR8RXRI1187FB4104B"
        },
        {
            "y": -1011.7301025390625,
            "x": 769.9022827148438,
            "artist_id": "AR93D4D1187FB3ACAD"
        },
        {
            "y": -1956.8239135742188,
            "x": 1377.5861206054688,
            "artist_id": "AR5TQ1T1187FB59492"
        },
        {
            "y": -778.4524536132812,
            "x": 676.1399841308594,
            "artist_id": "ARA8O8L1187B9AD61D"
        },
        {
            "y": -1275.8436889648438,
            "x": 2202.564697265625,
            "artist_id": "ARRH63Y1187FB47783"
        },
        {
            "y": -1369.7433471679688,
            "x": 2300.71142578125,
            "artist_id": "ARPFHN61187FB575F6"
        },
        {
            "y": -832.1889953613281,
            "x": 2267.016845703125,
            "artist_id": "AR7C6G11187B9B4C1E"
        },
        {
            "y": -1772.1305541992188,
            "x": 1391.28466796875,
            "artist_id": "ARX5XTP1187FB3D8CC"
        },
        {
            "y": -1211.3201293945312,
            "x": 637.3444519042969,
            "artist_id": "AR0569B1187B9A4036"
        },
        {
            "y": -1262.54736328125,
            "x": 501.87696838378906,
            "artist_id": "AR6HAZT1187FB4A3AA"
        },
        {
            "y": -1505.646240234375,
            "x": 841.692626953125,
            "artist_id": "ARKZXSQ1187B9AC9F3"
        },
        {
            "y": -1873.2774658203125,
            "x": 1848.7525634765625,
            "artist_id": "ARMPQIE1187FB3D4EB"
        },
        {
            "y": -1354.2664184570312,
            "x": 1639.802978515625,
            "artist_id": "ARNHMFD1187FB3B3F6"
        },
        {
            "y": -1344.7517700195312,
            "x": 1037.6955871582031,
            "artist_id": "ARGBR4I1187B99D073"
        },
        {
            "y": -1477.0557861328125,
            "x": 338.0536193847656,
            "artist_id": "ARSHZBZ1187B98A445"
        },
        {
            "y": -2038.956787109375,
            "x": 1409.4700927734375,
            "artist_id": "ARAZCWP129462A97F1"
        },
        {
            "y": -2020.9203491210938,
            "x": 1496.1416015625,
            "artist_id": "AR6EVQA1187B9AA1DF"
        },
        {
            "y": -1923.97412109375,
            "x": 1641.9560546875,
            "artist_id": "ARRTI6E1187B9A661D"
        },
        {
            "y": -883.2064514160156,
            "x": 2315.8260498046875,
            "artist_id": "AR65K7A1187FB4DAA4"
        },
        {
            "y": -896.2775573730469,
            "x": 2172.6728515625,
            "artist_id": "AR0S7TA1187FB4D024"
        },
        {
            "y": -1389.39599609375,
            "x": 1024.8009643554688,
            "artist_id": "ARH3S5S1187FB4F76B"
        },
        {
            "y": -1203.83984375,
            "x": 1027.1139526367188,
            "artist_id": "ARE8GLF1187FB52532"
        },
        {
            "y": -879.2897033691406,
            "x": 2211.1414794921875,
            "artist_id": "ART4QZC1187FB51612"
        },
        {
            "y": -1659.2059326171875,
            "x": 958.8472290039062,
            "artist_id": "ARDK6QW1187B9B8D85"
        },
        {
            "y": -1693.2642822265625,
            "x": 1360.58203125,
            "artist_id": "ARNDB1X1187B990AA0"
        },
        {
            "y": -1645.330078125,
            "x": 1238.7198486328125,
            "artist_id": "AR0O3AV1187FB4D030"
        },
        {
            "y": -1045.1353149414062,
            "x": 1389.7769165039062,
            "artist_id": "ARB1KC91187FB38B13"
        },
        {
            "y": -1057.2948608398438,
            "x": 1502.341064453125,
            "artist_id": "AR0X3JJ1187FB3A9A7"
        },
        {
            "y": -755.600830078125,
            "x": 1810.4006958007812,
            "artist_id": "AR198711187B9AD09F"
        },
        {
            "y": -1054.37353515625,
            "x": 1585.319580078125,
            "artist_id": "ARDY3451187B9A0226"
        },
        {
            "y": -918.4335327148438,
            "x": 1648.6898803710938,
            "artist_id": "ARAJPHH1187FB5566A"
        },
        {
            "y": -2051.1276245117188,
            "x": 1046.6651611328125,
            "artist_id": "AROBHK51187B9AD82B"
        },
        {
            "y": -2111.1328125,
            "x": 968.612548828125,
            "artist_id": "ARJ8PZJ1187B99314F"
        },
        {
            "y": -863.5836181640625,
            "x": 514.2021026611328,
            "artist_id": "ARYKCQI1187FB3B18F"
        },
        {
            "y": -899.083251953125,
            "x": 446.6972961425781,
            "artist_id": "ARDVZTE1187FB5A0A1"
        },
        {
            "y": -847.5279846191406,
            "x": 803.0386962890625,
            "artist_id": "AR93RTI1187B98ECFB"
        },
        {
            "y": -1737.595458984375,
            "x": 1219.6953735351562,
            "artist_id": "AR7Y6JX1187FB4D9B3"
        },
        {
            "y": -1328.4108276367188,
            "x": 1777.1725463867188,
            "artist_id": "AR8B1WY1187FB38366"
        },
        {
            "y": -1277.1644287109375,
            "x": 632.55859375,
            "artist_id": "ARFCUN31187B9AD578"
        },
        {
            "y": -1460.4417724609375,
            "x": 1889.80419921875,
            "artist_id": "AR1ZYLH1187B98C159"
        },
        {
            "y": -1500.343505859375,
            "x": 1687.5517578125,
            "artist_id": "ARMDBW21187FB37126"
        },
        {
            "y": -1079.34130859375,
            "x": 2294.697998046875,
            "artist_id": "ARXOTQH1187FB57084"
        },
        {
            "y": -976.7716064453125,
            "x": 2202.702880859375,
            "artist_id": "ARKU3Z61187FB51DCA"
        },
        {
            "y": -1617.9650268554688,
            "x": 1785.1694946289062,
            "artist_id": "ARUQ6301187FB54EBA"
        },
        {
            "y": -1298.8607177734375,
            "x": 368.126953125,
            "artist_id": "AR5OH1V1187FB574C3"
        },
        {
            "y": -690.93212890625,
            "x": 1210.9100952148438,
            "artist_id": "ARI7DOB1187FB37AA4"
        },
        {
            "y": -1627.91552734375,
            "x": 1036.5655822753906,
            "artist_id": "ARF84A41187B9A34E7"
        },
        {
            "y": -1152.54345703125,
            "x": 1966.62451171875,
            "artist_id": "AR2XI6G1187B9AE7DA"
        },
        {
            "y": -1480.6932373046875,
            "x": 783.6991882324219,
            "artist_id": "ARQOATR1187B9AE959"
        },
        {
            "y": -1492.523193359375,
            "x": 455.6264190673828,
            "artist_id": "ARBHBE91187B9A1F58"
        },
        {
            "y": -602.1201782226562,
            "x": 1226.7244873046875,
            "artist_id": "ARUTEVU1187B9ACAF9"
        },
        {
            "y": -763.7490539550781,
            "x": 1324.5227661132812,
            "artist_id": "ARVG4OK1187B9B6BD3"
        },
        {
            "y": -830.0838623046875,
            "x": 1244.7529907226562,
            "artist_id": "AR6892W1187B9AC71B"
        },
        {
            "y": -1064.2371826171875,
            "x": 1249.127685546875,
            "artist_id": "ARR6LWJ1187FB44C8B"
        },
        {
            "y": -718.8647155761719,
            "x": 2083.48828125,
            "artist_id": "ARWK5QH1187B9A9B7F"
        },
        {
            "y": -1685.9281005859375,
            "x": 1026.4136047363281,
            "artist_id": "AR4L4WQ1187FB51996"
        },
        {
            "y": -1522.4611206054688,
            "x": 497.62107849121094,
            "artist_id": "ART70HI1187B9A37BC"
        },
        {
            "y": -1966.9446411132812,
            "x": 1082.1923828125,
            "artist_id": "ARIMZQZ1187B9AD541"
        },
        {
            "y": -1865.329345703125,
            "x": 1089.1068115234375,
            "artist_id": "AR46CAD1187FB4D84B"
        },
        {
            "y": -1394.4624633789062,
            "x": 2118.7744140625,
            "artist_id": "AROLNOH1187FB39845"
        },
        {
            "y": -1889.7354125976562,
            "x": 1180.4957275390625,
            "artist_id": "ARCYQ1P1187FB3F3CA"
        },
        {
            "y": -1832.8645629882812,
            "x": 1275.2658081054688,
            "artist_id": "AR78ZID1187B9B31ED"
        },
        {
            "y": -703.5304260253906,
            "x": 1592.1219482421875,
            "artist_id": "ARYNX5Z1187B999686"
        },
        {
            "y": -697.0321350097656,
            "x": 1720.5531005859375,
            "artist_id": "AR9W3X91187FB3994C"
        },
        {
            "y": -935.0721130371094,
            "x": 2269.2213134765625,
            "artist_id": "ARKSZW81187B9B695D"
        },
        {
            "y": -779.1124877929688,
            "x": 1202.1104736328125,
            "artist_id": "ARJ7KF01187B98D717"
        },
        {
            "y": -667.2731018066406,
            "x": 1316.5018920898438,
            "artist_id": "ARVN9FZ1187FB393F1"
        },
        {
            "y": -658.9722595214844,
            "x": 1446.0598754882812,
            "artist_id": "AR4EQ231187B99368F"
        },
        {
            "y": -967.064697265625,
            "x": 512.6710052490234,
            "artist_id": "ARASYMJ1187B9ACAF2"
        },
        {
            "y": -1098.1875,
            "x": 543.6356811523438,
            "artist_id": "AR12F2S1187FB56EEF"
        },
        {
            "y": -1845.3701171875,
            "x": 1716.4462280273438,
            "artist_id": "ARVUN5F1187FB4CCC7"
        },
        {
            "y": -1722.4929809570312,
            "x": 1744.8431396484375,
            "artist_id": "ART5IUL1187B9B0143"
        },
        {
            "y": -1890.6080322265625,
            "x": 1538.7470703125,
            "artist_id": "ARIRD6J1187FB5A98C"
        },
        {
            "y": -2002.959228515625,
            "x": 1560.973876953125,
            "artist_id": "ARD2F1Z1187FB3D27E"
        },
        {
            "y": -1453.9386596679688,
            "x": 1776.90478515625,
            "artist_id": "ARX9YIP1187B98A656"
        },
        {
            "y": -1334.9737548828125,
            "x": 1837.8418579101562,
            "artist_id": "ARB2M051187FB56FA9"
        },
        {
            "y": -1447.0206298828125,
            "x": 978.7503662109375,
            "artist_id": "AR13CXU1187B9AD30A"
        },
        {
            "y": -1486.921875,
            "x": 911.7946166992188,
            "artist_id": "ARLLRL61187B9B6698"
        },
        {
            "y": -748.3576049804688,
            "x": 837.0120239257812,
            "artist_id": "ARFZNR41187B990AF7"
        },
        {
            "y": -771.902587890625,
            "x": 751.7241516113281,
            "artist_id": "AR243ZT1187B9A98D2"
        },
        {
            "y": -1543.1654052734375,
            "x": 2095.91455078125,
            "artist_id": "ARKQ9JM1187FB57521"
        },
        {
            "y": -758.7965698242188,
            "x": 2276.8275146484375,
            "artist_id": "ARMRCET1187FB52049"
        },
        {
            "y": -801.1863098144531,
            "x": 2158.0545654296875,
            "artist_id": "ARBEOHF1187B9B044D"
        },
        {
            "y": -888.6991882324219,
            "x": 899.4088134765625,
            "artist_id": "ARN7OQ21187FB5A6B3"
        },
        {
            "y": -812.9332580566406,
            "x": 904.1122131347656,
            "artist_id": "ARE2QID1187B98FA19"
        },
        {
            "y": -1399.5806884765625,
            "x": 1166.8193969726562,
            "artist_id": "ARSW5F51187FB4CFC9"
        },
        {
            "y": -1477.2987670898438,
            "x": 1986.95556640625,
            "artist_id": "ARSQDUN1187B98D7D7"
        },
        {
            "y": -1682.483154296875,
            "x": 913.1132202148438,
            "artist_id": "ARONPP01187B995FB5"
        },
        {
            "y": -1357.1952514648438,
            "x": 2027.12841796875,
            "artist_id": "ARXWAQQ1187B9AE954"
        },
        {
            "y": -1269.3239135742188,
            "x": 1944.8571166992188,
            "artist_id": "ARBCUNV1187B98A9FB"
        },
        {
            "y": -1139.3653564453125,
            "x": 2119.8089599609375,
            "artist_id": "ARTH9041187FB43E1F"
        },
        {
            "y": -1056.4907836914062,
            "x": 2175.060791015625,
            "artist_id": "ARCGJ6U1187FB4D01F"
        },
        {
            "y": -1940.0108642578125,
            "x": 982.1759338378906,
            "artist_id": "ARZWK2R1187B98F09F"
        },
        {
            "y": -925.5819396972656,
            "x": 1568.2344360351562,
            "artist_id": "ARZVTZN1187FB579D4"
        },
        {
            "y": -977.4577331542969,
            "x": 1497.2600708007812,
            "artist_id": "ARTBFV61187FB3C250"
        },
        {
            "y": -1196.5029296875,
            "x": 454.8495788574219,
            "artist_id": "ARUKN9H1187B9B71C8"
        },
        {
            "y": -1159.2974853515625,
            "x": 355.4055480957031,
            "artist_id": "ARD8JVH1187FB4DA04"
        },
        {
            "y": -658.0185241699219,
            "x": 2254.134521484375,
            "artist_id": "ARVBRGZ1187FB4675A"
        },
        {
            "y": -787.0247802734375,
            "x": 2204.67138671875,
            "artist_id": "AR03BDP1187FB5B324"
        },
        {
            "y": -879.0824584960938,
            "x": 1099.7008056640625,
            "artist_id": "AR1SQSG1187B9AC782"
        },
        {
            "y": -747.6638793945312,
            "x": 1979.6260375976562,
            "artist_id": "ARZQ7QA1187B9AD08B"
        },
        {
            "y": -820.9942932128906,
            "x": 2085.421142578125,
            "artist_id": "ARXPPEY1187FB51DF4"
        },
        {
            "y": -1308.57763671875,
            "x": 1431.1163330078125,
            "artist_id": "AR65OLD1187FB5C103"
        },
        {
            "y": -1242.1436767578125,
            "x": 1328.6624755859375,
            "artist_id": "AR0KBXO1187B996460"
        },
        {
            "y": -1106.9511108398438,
            "x": 644.9734497070312,
            "artist_id": "ARJ9DSA1187B990E00"
        },
        {
            "y": -1153.8834838867188,
            "x": 741.2962646484375,
            "artist_id": "AR7BMMV1187FB5B2D7"
        },
        {
            "y": -1353.35400390625,
            "x": 931.1376342773438,
            "artist_id": "ARLR9U31187B9A71AD"
        },
        {
            "y": -1545.9043579101562,
            "x": 983.7222290039062,
            "artist_id": "ARD3LXU1187B9ABFC5"
        },
        {
            "y": -1370.5139770507812,
            "x": 468.4961853027344,
            "artist_id": "ART3O5Z1187B9AB043"
        },
        {
            "y": -1283.1041259765625,
            "x": 559.7471313476562,
            "artist_id": "ARBFDJW1187B9AD27A"
        },
        {
            "y": -968.5350952148438,
            "x": 1189.8983154296875,
            "artist_id": "ARH6W4X1187B99274F"
        },
        {
            "y": -1307.0737915039062,
            "x": 1719.956787109375,
            "artist_id": "AR60C3O1187FB46737"
        },
        {
            "y": -1766.0264892578125,
            "x": 988.6402893066406,
            "artist_id": "ARUSOMY1187FB4D3B4"
        },
        {
            "y": -1824.03857421875,
            "x": 881.8530883789062,
            "artist_id": "AR06EB01187FB40150"
        },
        {
            "y": -1290.04638671875,
            "x": 1141.8199462890625,
            "artist_id": "AR6XPWV1187B9ADAEB"
        }
    ],
    "edges": [
        {
            "source": "AR82DJK1187B991107",
            "target": "AR8RXRI1187FB4104B"
        },
        {
            "source": "ARHONG11187FB3B120",
            "target": "AR12F2S1187FB56EEF"
        },
        {
            "source": "ARBUOOR1187B997391",
            "target": "ARH6W4X1187B99274F"
        },
        {
            "source": "ARJVTRE1187B9959C0",
            "target": "ARJ9DSA1187B990E00"
        },
        {
            "source": "ARZKUQF11F4C8456E8",
            "target": "AR9W3X91187FB3994C"
        },
        {
            "source": "AREV2491187B9B017E",
            "target": "ARSQDUN1187B98D7D7"
        },
        {
            "source": "AREV2491187B9B017E",
            "target": "AR1ZYLH1187B98C159"
        },
        {
            "source": "AR0IVSA1187FB4F069",
            "target": "ARSW5F51187FB4CFC9"
        },
        {
            "source": "ARDG9Z71187B997023",
            "target": "ARD3LXU1187B9ABFC5"
        },
        {
            "source": "AR8Q4RZ1187FB46BDC",
            "target": "ART3O5Z1187B9AB043"
        },
        {
            "source": "ARSE5NP1187B9B98AB",
            "target": "ARPFHN61187FB575F6"
        },
        {
            "source": "AR1Q25M1187B9B0D73",
            "target": "ARX9YIP1187B98A656"
        },
        {
            "source": "ARSPUJF1187B9A14B8",
            "target": "ARVN9FZ1187FB393F1"
        },
        {
            "source": "AR14CJ91187FB3A994",
            "target": "AR0X3JJ1187FB3A9A7"
        },
        {
            "source": "ARWC1WN1187FB516CE",
            "target": "ARX9YIP1187B98A656"
        },
        {
            "source": "ARMB95F1187B9B5B93",
            "target": "ARRH63Y1187FB47783"
        },
        {
            "source": "AROCBZZ11E2835D652",
            "target": "ARFCUN31187B9AD578"
        },
        {
            "source": "AR0CANF1187B9AF35F",
            "target": "ARSQDUN1187B98D7D7"
        },
        {
            "source": "AR7N7MI1187FB46935",
            "target": "ARAIABB1187B9AC6E2"
        },
        {
            "source": "ARB054P1187B9AD32E",
            "target": "ARNDL191187FB51583"
        },
        {
            "source": "AR6Y8JF1187B9BA1D5",
            "target": "AR243ZT1187B9A98D2"
        },
        {
            "source": "ARTDQRC1187FB4EFD4",
            "target": "ARKU3Z61187FB51DCA"
        },
        {
            "source": "ARCLLH11187FB48DE0",
            "target": "ART3O5Z1187B9AB043"
        },
        {
            "source": "ARHD3RX1187FB3A7DA",
            "target": "ARAZCWP129462A97F1"
        },
        {
            "source": "ARZZRK91187B9A5CA5",
            "target": "ARIRD6J1187FB5A98C"
        },
        {
            "source": "AR2FSX31187B98E3EF",
            "target": "AROF4LP1187FB41C51"
        },
        {
            "source": "AR2FSX31187B98E3EF",
            "target": "AR6PJ8R1187FB5AD70"
        },
        {
            "source": "ARNUFGE1187B9B7881",
            "target": "ARDY3451187B9A0226"
        },
        {
            "source": "ARXLX5L1187FB47BED",
            "target": "ARUKN9H1187B9B71C8"
        },
        {
            "source": "ARNEL2O1187FB4421A",
            "target": "ARN7OQ21187FB5A6B3"
        },
        {
            "source": "ARNNQ9E1187FB3C82F",
            "target": "ARVUN5F1187FB4CCC7"
        },
        {
            "source": "ARMOHN71187FB3959F",
            "target": "AROBHK51187B9AD82B"
        },
        {
            "source": "AR6C6VO1187FB4E267",
            "target": "AR12F2S1187FB56EEF"
        },
        {
            "source": "ARCZ20M1187FB49687",
            "target": "AR4GAFY1187B9B639D"
        },
        {
            "source": "ARCZ20M1187FB49687",
            "target": "ARQXAUH1187B9BA010"
        },
        {
            "source": "ARTYXQC1187B9ACAB2",
            "target": "ARVUN5F1187FB4CCC7"
        },
        {
            "source": "ARHWVGW1187FB41479",
            "target": "ARJ9DSA1187B990E00"
        },
        {
            "source": "AR8SRQ31187FB4D477",
            "target": "ARJ9DSA1187B990E00"
        },
        {
            "source": "ARMBTFC1187FB56343",
            "target": "ARE8GLF1187FB52532"
        },
        {
            "source": "ARMBTFC1187FB56343",
            "target": "AR0KBXO1187B996460"
        },
        {
            "source": "ARZTSYB1187FB54987",
            "target": "AR12F2S1187FB56EEF"
        },
        {
            "source": "ARNZ70R1187B9A4824",
            "target": "ARNLO5S1187B9B80CC"
        },
        {
            "source": "ARI4SKQ1187B9B43B0",
            "target": "ARHINI31187B995C1D"
        },
        {
            "source": "ARTE9CG1187B99B1AF",
            "target": "ARBCUNV1187B98A9FB"
        },
        {
            "source": "ARAEX7Y1187FB42D36",
            "target": "ARKSZW81187B9B695D"
        },
        {
            "source": "ARAEX7Y1187FB42D36",
            "target": "ARPDVPJ1187B9ADBE9"
        },
        {
            "source": "ARAEX7Y1187FB42D36",
            "target": "ART4QZC1187FB51612"
        },
        {
            "source": "ARAEX7Y1187FB42D36",
            "target": "AR7C6G11187B9B4C1E"
        },
        {
            "source": "ARD2NDU1187B99B615",
            "target": "ARUSOMY1187FB4D3B4"
        },
        {
            "source": "AR3JMC51187B9AE49D",
            "target": "ARXPPEY1187FB51DF4"
        },
        {
            "source": "AR3JMC51187B9AE49D",
            "target": "AR03BDP1187FB5B324"
        },
        {
            "source": "AR76DOS1187FB5AE78",
            "target": "ART3O5Z1187B9AB043"
        },
        {
            "source": "ARNPPTH1187B9AD429",
            "target": "ARNLO5S1187B9B80CC"
        },
        {
            "source": "AR5J8XN1187B9B712E",
            "target": "AR12F2S1187FB56EEF"
        },
        {
            "source": "AR5J8XN1187B9B712E",
            "target": "ARDVZTE1187FB5A0A1"
        },
        {
            "source": "AR633SY1187B9AC3B9",
            "target": "ARH6W4X1187B99274F"
        },
        {
            "source": "ARP7ILI1187B9AE9F7",
            "target": "ARVN9FZ1187FB393F1"
        },
        {
            "source": "AR261YW1187FB374B3",
            "target": "ARDVZTE1187FB5A0A1"
        },
        {
            "source": "AR1ABAO1187FB531E1",
            "target": "AR12F2S1187FB56EEF"
        },
        {
            "source": "AR1ABAO1187FB531E1",
            "target": "ARDVZTE1187FB5A0A1"
        },
        {
            "source": "AR1ABAO1187FB531E1",
            "target": "ARNLO5S1187B9B80CC"
        },
        {
            "source": "ARUJ5A41187FB3F5F1",
            "target": "ARH6W4X1187B99274F"
        },
        {
            "source": "ARUJ5A41187FB3F5F1",
            "target": "ARIPLUN1187B99B9F9"
        },
        {
            "source": "ARIPLUN1187B99B9F9",
            "target": "ARD3LXU1187B9ABFC5"
        },
        {
            "source": "AR57Z841187B9B7D7D",
            "target": "ARIRD6J1187FB5A98C"
        },
        {
            "source": "AR8ACFK1187B9B4063",
            "target": "AR243ZT1187B9A98D2"
        },
        {
            "source": "AR0DSOO1187B9B855E",
            "target": "ARIRD6J1187FB5A98C"
        },
        {
            "source": "AR7CCCC1187FB578FF",
            "target": "AR0RCMP1187FB3F427"
        },
        {
            "source": "AR7CCCC1187FB578FF",
            "target": "AR0X3JJ1187FB3A9A7"
        },
        {
            "source": "AR7CCCC1187FB578FF",
            "target": "ARDY3451187B9A0226"
        },
        {
            "source": "AR7CCCC1187FB578FF",
            "target": "ARTBFV61187FB3C250"
        },
        {
            "source": "AR7CCCC1187FB578FF",
            "target": "ARZVTZN1187FB579D4"
        },
        {
            "source": "AR7G5I41187FB4CE6C",
            "target": "ARD3LXU1187B9ABFC5"
        },
        {
            "source": "ARZH3SW1187B98C96E",
            "target": "ARX9YIP1187B98A656"
        },
        {
            "source": "ARLHO5Z1187FB4C861",
            "target": "ARX9YIP1187B98A656"
        },
        {
            "source": "AR8W8DN1187FB35ED0",
            "target": "ARE8GLF1187FB52532"
        },
        {
            "source": "ARZ7IH41187FB3B8F5",
            "target": "ARX9YIP1187B98A656"
        },
        {
            "source": "ARHI20L1187FB4C997",
            "target": "ART3O5Z1187B9AB043"
        },
        {
            "source": "ARFTMGO1187B9A777A",
            "target": "ARDY3451187B9A0226"
        },
        {
            "source": "ARPKATM1187B9B76E6",
            "target": "AR0O3AV1187FB4D030"
        },
        {
            "source": "ARQ76LG1187B9ACD84",
            "target": "AR0O3AV1187FB4D030"
        },
        {
            "source": "ARQ76LG1187B9ACD84",
            "target": "ARLR9U31187B9A71AD"
        },
        {
            "source": "ARQ76LG1187B9ACD84",
            "target": "ARD3LXU1187B9ABFC5"
        },
        {
            "source": "AR58SJE1187B9A8E4C",
            "target": "ARJ9DSA1187B990E00"
        },
        {
            "source": "AR58SJE1187B9A8E4C",
            "target": "AR243ZT1187B9A98D2"
        },
        {
            "source": "ARF5M7Q1187FB501E8",
            "target": "ARVN9FZ1187FB393F1"
        },
        {
            "source": "ARGUACZ1187FB3F35C",
            "target": "AR0X3JJ1187FB3A9A7"
        },
        {
            "source": "ARGUACZ1187FB3F35C",
            "target": "ARDY3451187B9A0226"
        },
        {
            "source": "ARZDUJG1242077E2C5",
            "target": "AROF4LP1187FB41C51"
        },
        {
            "source": "AR3752L1187FB4B67E",
            "target": "ARB336A1187B9A4583"
        },
        {
            "source": "ARPISA41187FB3DE42",
            "target": "ARJ9DSA1187B990E00"
        },
        {
            "source": "ARCF06I1187B995398",
            "target": "ARRJ3UC1187FB579D7"
        },
        {
            "source": "ARCF06I1187B995398",
            "target": "AR8RXRI1187FB4104B"
        },
        {
            "source": "ARJPZSG1187FB3E985",
            "target": "ARIRD6J1187FB5A98C"
        },
        {
            "source": "AR3MSAN1187B98F06B",
            "target": "ARRH63Y1187FB47783"
        },
        {
            "source": "ARYGSFW1187FB519B1",
            "target": "AR9W3X91187FB3994C"
        },
        {
            "source": "ARM5JLS1187FB3615B",
            "target": "ARDY3451187B9A0226"
        },
        {
            "source": "ARJDMBO1187B9AD118",
            "target": "ARIRD6J1187FB5A98C"
        },
        {
            "source": "ARJDMBO1187B9AD118",
            "target": "ARPTJHV11F4C83EF53"
        },
        {
            "source": "ARA7YDA1187B9A5776",
            "target": "ARDY3451187B9A0226"
        },
        {
            "source": "AR0B1CH1187FB3A824",
            "target": "AR0X3JJ1187FB3A9A7"
        },
        {
            "source": "ARHINI31187B995C1D",
            "target": "ARB78VW1187B98F81C"
        },
        {
            "source": "ARHINI31187B995C1D",
            "target": "ARHCERP1187B9912A5"
        },
        {
            "source": "ARHINI31187B995C1D",
            "target": "ARUBX2Y1187B99CD25"
        },
        {
            "source": "ARHINI31187B995C1D",
            "target": "ARD3ICK1187B9A56C9"
        },
        {
            "source": "ARHCERP1187B9912A5",
            "target": "ARD3ICK1187B9A56C9"
        },
        {
            "source": "ARG3UX61187B9AC05A",
            "target": "ARSW5F51187FB4CFC9"
        },
        {
            "source": "ARHL8SP1187B98F8A3",
            "target": "AR0O3AV1187FB4D030"
        },
        {
            "source": "ARN0DMU1187FB5B63A",
            "target": "AR9W3X91187FB3994C"
        },
        {
            "source": "ARQXAUH1187B9BA010",
            "target": "ARDY3451187B9A0226"
        },
        {
            "source": "ARN5NHX1187FB4F755",
            "target": "ARH6W4X1187B99274F"
        },
        {
            "source": "ARN5NHX1187FB4F755",
            "target": "ARE8GLF1187FB52532"
        },
        {
            "source": "ARJGIOD1187B9AE920",
            "target": "AR03BDP1187FB5B324"
        },
        {
            "source": "ARSL5SP1187B9A7AE0",
            "target": "ARX9YIP1187B98A656"
        },
        {
            "source": "ARPTJHV11F4C83EF53",
            "target": "ARIRD6J1187FB5A98C"
        },
        {
            "source": "ARPTJHV11F4C83EF53",
            "target": "AR78ZID1187B9B31ED"
        },
        {
            "source": "ARRT66G1187FB3DDF9",
            "target": "ART3O5Z1187B9AB043"
        },
        {
            "source": "ARH0Z131187B9B69E9",
            "target": "ARX9YIP1187B98A656"
        },
        {
            "source": "AR9A5TK1187B9AD07F",
            "target": "ARE8GLF1187FB52532"
        },
        {
            "source": "ARDK0551187FB5AC48",
            "target": "AR97EHA1187B98AD5F"
        },
        {
            "source": "ARDK0551187FB5AC48",
            "target": "ARN7OQ21187FB5A6B3"
        },
        {
            "source": "ARGKD4W1187B990E04",
            "target": "ARDY3451187B9A0226"
        },
        {
            "source": "ARDSWIE1187FB39056",
            "target": "ARSQDUN1187B98D7D7"
        },
        {
            "source": "ARDSWIE1187FB39056",
            "target": "ARX9YIP1187B98A656"
        },
        {
            "source": "ARNFTGS1187B9A465F",
            "target": "ARD3LXU1187B9ABFC5"
        },
        {
            "source": "ARAOBIZ1187FB38574",
            "target": "ART3O5Z1187B9AB043"
        },
        {
            "source": "ARD4C1I1187FB4B0C3",
            "target": "ARH6W4X1187B99274F"
        },
        {
            "source": "AR3PN3R1187FB4CEBD",
            "target": "ARIRD6J1187FB5A98C"
        },
        {
            "source": "ARMI8BW1187FB57B2E",
            "target": "AR12F2S1187FB56EEF"
        },
        {
            "source": "ARMI8BW1187FB57B2E",
            "target": "ARNLO5S1187B9B80CC"
        },
        {
            "source": "AR52EZT1187B9900BF",
            "target": "AR65K7A1187FB4DAA4"
        },
        {
            "source": "AR52EZT1187B9900BF",
            "target": "ARKSZW81187B9B695D"
        },
        {
            "source": "AR8AVU31187FB42175",
            "target": "ART3O5Z1187B9AB043"
        },
        {
            "source": "ARQHLIO1187B98AA6A",
            "target": "AROF4LP1187FB41C51"
        },
        {
            "source": "ARQHLIO1187B98AA6A",
            "target": "AR6IJJ41187B98C872"
        },
        {
            "source": "AR6IJJ41187B98C872",
            "target": "AROF4LP1187FB41C51"
        },
        {
            "source": "ARAKARO1187B9A1EB6",
            "target": "ARXPPEY1187FB51DF4"
        },
        {
            "source": "AR2SMD91187B9B0582",
            "target": "ARE8GLF1187FB52532"
        },
        {
            "source": "AR2SGQW1187B9B9E7C",
            "target": "ARX9YIP1187B98A656"
        },
        {
            "source": "ARLAWDD1187FB48367",
            "target": "AR6PJ8R1187FB5AD70"
        },
        {
            "source": "AR6PJ8R1187FB5AD70",
            "target": "ARBEOHF1187B9B044D"
        },
        {
            "source": "AR6PJ8R1187FB5AD70",
            "target": "ARKU3Z61187FB51DCA"
        },
        {
            "source": "AR6PJ8R1187FB5AD70",
            "target": "AR7C6G11187B9B4C1E"
        },
        {
            "source": "AR6PJ8R1187FB5AD70",
            "target": "AROF4LP1187FB41C51"
        },
        {
            "source": "AR6PJ8R1187FB5AD70",
            "target": "ARDCFNZ1187FB3DDB0"
        },
        {
            "source": "ARSEC9Q1187B98912D",
            "target": "ART3O5Z1187B9AB043"
        },
        {
            "source": "ARN2ZKL1187FB3972B",
            "target": "ARUSOMY1187FB4D3B4"
        },
        {
            "source": "ARQCFI11187FB5AE43",
            "target": "AR0X3JJ1187FB3A9A7"
        },
        {
            "source": "AR0D6EL1187B9AF46B",
            "target": "ARX9YIP1187B98A656"
        },
        {
            "source": "ARJG2ID1187B9A767E",
            "target": "ARD3LXU1187B9ABFC5"
        },
        {
            "source": "ARM7EDF1187B9B3FA1",
            "target": "AR12F2S1187FB56EEF"
        },
        {
            "source": "ARM7EDF1187B9B3FA1",
            "target": "ARNLO5S1187B9B80CC"
        },
        {
            "source": "ARM7EDF1187B9B3FA1",
            "target": "ARLR9U31187B9A71AD"
        },
        {
            "source": "ARM7EDF1187B9B3FA1",
            "target": "ARE8GLF1187FB52532"
        },
        {
            "source": "ARM7EDF1187B9B3FA1",
            "target": "ARD3LXU1187B9ABFC5"
        },
        {
            "source": "ARNDL191187FB51583",
            "target": "ART3O5Z1187B9AB043"
        },
        {
            "source": "AROY6XW1187B991121",
            "target": "ARNLO5S1187B9B80CC"
        },
        {
            "source": "ARNLO5S1187B9B80CC",
            "target": "ARASYMJ1187B9ACAF2"
        },
        {
            "source": "ARNLO5S1187B9B80CC",
            "target": "AR12F2S1187FB56EEF"
        },
        {
            "source": "ARNLO5S1187B9B80CC",
            "target": "ARYKCQI1187FB3B18F"
        },
        {
            "source": "ARNLO5S1187B9B80CC",
            "target": "ARDVZTE1187FB5A0A1"
        },
        {
            "source": "ARS1OWB1187B99EEAD",
            "target": "ARFCUN31187B9AD578"
        },
        {
            "source": "ARS1OWB1187B99EEAD",
            "target": "ARLR9U31187B9A71AD"
        },
        {
            "source": "ARS1OWB1187B99EEAD",
            "target": "ARD3LXU1187B9ABFC5"
        },
        {
            "source": "ARS1OWB1187B99EEAD",
            "target": "ARB336A1187B9A4583"
        },
        {
            "source": "ARE36MM1187B991E50",
            "target": "ARN7OQ21187FB5A6B3"
        },
        {
            "source": "ARN7POH1187B9B301E",
            "target": "AR03BDP1187FB5B324"
        },
        {
            "source": "ARN7POH1187B9B301E",
            "target": "ARBEOHF1187B9B044D"
        },
        {
            "source": "ARDCFNZ1187FB3DDB0",
            "target": "AROF4LP1187FB41C51"
        },
        {
            "source": "ARUMGZN1187FB37125",
            "target": "ARX9YIP1187B98A656"
        },
        {
            "source": "ARZENOX1187B98A645",
            "target": "ARC8CQZ1187B98DECA"
        },
        {
            "source": "ARB336A1187B9A4583",
            "target": "ARFCUN31187B9AD578"
        },
        {
            "source": "ARB336A1187B9A4583",
            "target": "ARLR9U31187B9A71AD"
        },
        {
            "source": "AR32ETX1187B9A792F",
            "target": "ART3O5Z1187B9AB043"
        },
        {
            "source": "ARF4V431187FB3AA41",
            "target": "AR0X3JJ1187FB3A9A7"
        },
        {
            "source": "ARUGU0E1187B9B30F6",
            "target": "ARFCUN31187B9AD578"
        },
        {
            "source": "ARCLFWR1187B9AE7B2",
            "target": "ARE8GLF1187FB52532"
        },
        {
            "source": "ARA1UU51187FB5A70B",
            "target": "ARD3LXU1187B9ABFC5"
        },
        {
            "source": "ARFONSP11F50C4D175",
            "target": "AR4GAFY1187B9B639D"
        },
        {
            "source": "ARFONSP11F50C4D175",
            "target": "AR7BMMV1187FB5B2D7"
        },
        {
            "source": "ARDGB6U1187FB3AD07",
            "target": "ARAIABB1187B9AC6E2"
        },
        {
            "source": "ARAIABB1187B9AC6E2",
            "target": "ARZQ7QA1187B9AD08B"
        },
        {
            "source": "ARAIABB1187B9AC6E2",
            "target": "AR9W3X91187FB3994C"
        },
        {
            "source": "ARAIABB1187B9AC6E2",
            "target": "AR198711187B9AD09F"
        },
        {
            "source": "AROF4LP1187FB41C51",
            "target": "AR7C6G11187B9B4C1E"
        },
        {
            "source": "ARSTA431187B9A3599",
            "target": "ARIRD6J1187FB5A98C"
        },
        {
            "source": "ARSTA431187B9A3599",
            "target": "AR78ZID1187B9B31ED"
        },
        {
            "source": "AR8V1WA1187B9AD9E9",
            "target": "ARH6W4X1187B99274F"
        },
        {
            "source": "ARTWPGO1187FB52DC3",
            "target": "ARVUN5F1187FB4CCC7"
        },
        {
            "source": "ARDIBRT1187B9AF176",
            "target": "AR12F2S1187FB56EEF"
        },
        {
            "source": "ARMH10M1187FB4184F",
            "target": "ARDVZTE1187FB5A0A1"
        },
        {
            "source": "ARJ2PMY1187FB5B563",
            "target": "ARAZCWP129462A97F1"
        },
        {
            "source": "ARJ2PMY1187FB5B563",
            "target": "AR78ZID1187B9B31ED"
        },
        {
            "source": "AR0RCMP1187FB3F427",
            "target": "AR0X3JJ1187FB3A9A7"
        },
        {
            "source": "ARR3ONV1187B9A2F59",
            "target": "AR6892W1187B9AC71B"
        },
        {
            "source": "ARR3ONV1187B9A2F59",
            "target": "ARH6W4X1187B99274F"
        },
        {
            "source": "ARR3ONV1187B9A2F59",
            "target": "ARVG4OK1187B9B6BD3"
        },
        {
            "source": "ARUBX2Y1187B99CD25",
            "target": "ARD3ICK1187B9A56C9"
        },
        {
            "source": "ARD3ICK1187B9A56C9",
            "target": "ARB78VW1187B98F81C"
        },
        {
            "source": "ARD3ICK1187B9A56C9",
            "target": "AR5TQ1T1187FB59492"
        },
        {
            "source": "ARPDVPJ1187B9ADBE9",
            "target": "ARRJ3UC1187FB579D7"
        },
        {
            "source": "ARPDVPJ1187B9ADBE9",
            "target": "ARKSZW81187B9B695D"
        },
        {
            "source": "ARPDVPJ1187B9ADBE9",
            "target": "ARXOTQH1187FB57084"
        },
        {
            "source": "ARB4ROA1187B9ACAEC",
            "target": "ARIRD6J1187FB5A98C"
        },
        {
            "source": "AR1RMYB1187FB5A59E",
            "target": "ARE8GLF1187FB52532"
        },
        {
            "source": "ARML3X41187FB35F2E",
            "target": "ARC8CQZ1187B98DECA"
        },
        {
            "source": "ARF2EHS1187B994F4E",
            "target": "ARVN9FZ1187FB393F1"
        },
        {
            "source": "ARF2EHS1187B994F4E",
            "target": "ARVG4OK1187B9B6BD3"
        },
        {
            "source": "AR10USD1187B99F3F1",
            "target": "ARJ8PZJ1187B99314F"
        },
        {
            "source": "AR10USD1187B99F3F1",
            "target": "ARZWK2R1187B98F09F"
        },
        {
            "source": "AR10USD1187B99F3F1",
            "target": "AROBHK51187B9AD82B"
        },
        {
            "source": "ARIH5GU1187FB4C958",
            "target": "ARSW5F51187FB4CFC9"
        },
        {
            "source": "AR4BDNG1187FB44870",
            "target": "AR9W3X91187FB3994C"
        },
        {
            "source": "AR4GAFY1187B9B639D",
            "target": "ART3O5Z1187B9AB043"
        },
        {
            "source": "ARRJ3UC1187FB579D7",
            "target": "AR8RXRI1187FB4104B"
        },
        {
            "source": "AR93D4D1187FB3ACAD",
            "target": "ARJ9DSA1187B990E00"
        },
        {
            "source": "AR5TQ1T1187FB59492",
            "target": "ARIRD6J1187FB5A98C"
        },
        {
            "source": "AR5TQ1T1187FB59492",
            "target": "AR78ZID1187B9B31ED"
        },
        {
            "source": "ARA8O8L1187B9AD61D",
            "target": "AR243ZT1187B9A98D2"
        },
        {
            "source": "ARRH63Y1187FB47783",
            "target": "ARPFHN61187FB575F6"
        },
        {
            "source": "ARRH63Y1187FB47783",
            "target": "AROLNOH1187FB39845"
        },
        {
            "source": "ARRH63Y1187FB47783",
            "target": "ARTH9041187FB43E1F"
        },
        {
            "source": "AR7C6G11187B9B4C1E",
            "target": "AR03BDP1187FB5B324"
        },
        {
            "source": "AR7C6G11187B9B4C1E",
            "target": "ARBEOHF1187B9B044D"
        },
        {
            "source": "AR7C6G11187B9B4C1E",
            "target": "ARKU3Z61187FB51DCA"
        },
        {
            "source": "AR7C6G11187B9B4C1E",
            "target": "AR65K7A1187FB4DAA4"
        },
        {
            "source": "AR7C6G11187B9B4C1E",
            "target": "ARXPPEY1187FB51DF4"
        },
        {
            "source": "AR7C6G11187B9B4C1E",
            "target": "ART4QZC1187FB51612"
        },
        {
            "source": "AR7C6G11187B9B4C1E",
            "target": "ARKSZW81187B9B695D"
        },
        {
            "source": "AR7C6G11187B9B4C1E",
            "target": "AR0S7TA1187FB4D024"
        },
        {
            "source": "ARX5XTP1187FB3D8CC",
            "target": "ARIRD6J1187FB5A98C"
        },
        {
            "source": "ARX5XTP1187FB3D8CC",
            "target": "AR78ZID1187B9B31ED"
        },
        {
            "source": "AR0569B1187B9A4036",
            "target": "ARJ9DSA1187B990E00"
        },
        {
            "source": "AR6HAZT1187FB4A3AA",
            "target": "ART3O5Z1187B9AB043"
        },
        {
            "source": "AR6HAZT1187FB4A3AA",
            "target": "ARJ9DSA1187B990E00"
        },
        {
            "source": "ARKZXSQ1187B9AC9F3",
            "target": "ARLR9U31187B9A71AD"
        },
        {
            "source": "ARMPQIE1187FB3D4EB",
            "target": "ARVUN5F1187FB4CCC7"
        },
        {
            "source": "ARNHMFD1187FB3B3F6",
            "target": "ARX9YIP1187B98A656"
        },
        {
            "source": "ARGBR4I1187B99D073",
            "target": "ARLR9U31187B9A71AD"
        },
        {
            "source": "ARGBR4I1187B99D073",
            "target": "AR6XPWV1187B9ADAEB"
        },
        {
            "source": "ARGBR4I1187B99D073",
            "target": "ARSW5F51187FB4CFC9"
        },
        {
            "source": "ARSHZBZ1187B98A445",
            "target": "ART3O5Z1187B9AB043"
        },
        {
            "source": "ARAZCWP129462A97F1",
            "target": "AR6EVQA1187B9AA1DF"
        },
        {
            "source": "AR6EVQA1187B9AA1DF",
            "target": "ARIRD6J1187FB5A98C"
        },
        {
            "source": "ARRTI6E1187B9A661D",
            "target": "ARIRD6J1187FB5A98C"
        },
        {
            "source": "AR65K7A1187FB4DAA4",
            "target": "ARMRCET1187FB52049"
        },
        {
            "source": "AR65K7A1187FB4DAA4",
            "target": "ARKU3Z61187FB51DCA"
        },
        {
            "source": "AR65K7A1187FB4DAA4",
            "target": "AR0S7TA1187FB4D024"
        },
        {
            "source": "AR65K7A1187FB4DAA4",
            "target": "ART4QZC1187FB51612"
        },
        {
            "source": "AR65K7A1187FB4DAA4",
            "target": "ARKSZW81187B9B695D"
        },
        {
            "source": "AR0S7TA1187FB4D024",
            "target": "AR03BDP1187FB5B324"
        },
        {
            "source": "AR0S7TA1187FB4D024",
            "target": "ARBEOHF1187B9B044D"
        },
        {
            "source": "AR0S7TA1187FB4D024",
            "target": "ARKU3Z61187FB51DCA"
        },
        {
            "source": "AR0S7TA1187FB4D024",
            "target": "ARKSZW81187B9B695D"
        },
        {
            "source": "ARH3S5S1187FB4F76B",
            "target": "ARLR9U31187B9A71AD"
        },
        {
            "source": "ARH3S5S1187FB4F76B",
            "target": "ARD3LXU1187B9ABFC5"
        },
        {
            "source": "ARH3S5S1187FB4F76B",
            "target": "ARSW5F51187FB4CFC9"
        },
        {
            "source": "ARH3S5S1187FB4F76B",
            "target": "ARE8GLF1187FB52532"
        },
        {
            "source": "ARE8GLF1187FB52532",
            "target": "ARLR9U31187B9A71AD"
        },
        {
            "source": "ARE8GLF1187FB52532",
            "target": "AR6XPWV1187B9ADAEB"
        },
        {
            "source": "ART4QZC1187FB51612",
            "target": "AR03BDP1187FB5B324"
        },
        {
            "source": "ART4QZC1187FB51612",
            "target": "ARBEOHF1187B9B044D"
        },
        {
            "source": "ART4QZC1187FB51612",
            "target": "ARKU3Z61187FB51DCA"
        },
        {
            "source": "ART4QZC1187FB51612",
            "target": "ARXPPEY1187FB51DF4"
        },
        {
            "source": "ART4QZC1187FB51612",
            "target": "ARKSZW81187B9B695D"
        },
        {
            "source": "ARDK6QW1187B9B8D85",
            "target": "ARD3LXU1187B9ABFC5"
        },
        {
            "source": "ARNDB1X1187B990AA0",
            "target": "AR0O3AV1187FB4D030"
        },
        {
            "source": "AR0O3AV1187FB4D030",
            "target": "AR7Y6JX1187FB4D9B3"
        },
        {
            "source": "ARB1KC91187FB38B13",
            "target": "AR0X3JJ1187FB3A9A7"
        },
        {
            "source": "AR0X3JJ1187FB3A9A7",
            "target": "ARZVTZN1187FB579D4"
        },
        {
            "source": "AR0X3JJ1187FB3A9A7",
            "target": "ARTBFV61187FB3C250"
        },
        {
            "source": "AR0X3JJ1187FB3A9A7",
            "target": "ARDY3451187B9A0226"
        },
        {
            "source": "AR198711187B9AD09F",
            "target": "AR9W3X91187FB3994C"
        },
        {
            "source": "ARDY3451187B9A0226",
            "target": "ARZVTZN1187FB579D4"
        },
        {
            "source": "ARDY3451187B9A0226",
            "target": "ARAJPHH1187FB5566A"
        },
        {
            "source": "ARDY3451187B9A0226",
            "target": "ARTBFV61187FB3C250"
        },
        {
            "source": "AROBHK51187B9AD82B",
            "target": "ARJ8PZJ1187B99314F"
        },
        {
            "source": "AROBHK51187B9AD82B",
            "target": "ARIMZQZ1187B9AD541"
        },
        {
            "source": "ARYKCQI1187FB3B18F",
            "target": "ARDVZTE1187FB5A0A1"
        },
        {
            "source": "ARDVZTE1187FB5A0A1",
            "target": "ARASYMJ1187B9ACAF2"
        },
        {
            "source": "ARDVZTE1187FB5A0A1",
            "target": "AR12F2S1187FB56EEF"
        },
        {
            "source": "AR93RTI1187B98ECFB",
            "target": "AR243ZT1187B9A98D2"
        },
        {
            "source": "AR93RTI1187B98ECFB",
            "target": "ARN7OQ21187FB5A6B3"
        },
        {
            "source": "AR7Y6JX1187FB4D9B3",
            "target": "AR46CAD1187FB4D84B"
        },
        {
            "source": "AR7Y6JX1187FB4D9B3",
            "target": "ARD3LXU1187B9ABFC5"
        },
        {
            "source": "AR7Y6JX1187FB4D9B3",
            "target": "AR78ZID1187B9B31ED"
        },
        {
            "source": "AR8B1WY1187FB38366",
            "target": "ARX9YIP1187B98A656"
        },
        {
            "source": "ARFCUN31187B9AD578",
            "target": "AR12F2S1187FB56EEF"
        },
        {
            "source": "ARFCUN31187B9AD578",
            "target": "ART3O5Z1187B9AB043"
        },
        {
            "source": "ARFCUN31187B9AD578",
            "target": "ARLR9U31187B9A71AD"
        },
        {
            "source": "ARFCUN31187B9AD578",
            "target": "ARUKN9H1187B9B71C8"
        },
        {
            "source": "AR1ZYLH1187B98C159",
            "target": "ARSQDUN1187B98D7D7"
        },
        {
            "source": "AR1ZYLH1187B98C159",
            "target": "ARX9YIP1187B98A656"
        },
        {
            "source": "ARMDBW21187FB37126",
            "target": "ARX9YIP1187B98A656"
        },
        {
            "source": "ARXOTQH1187FB57084",
            "target": "ARKU3Z61187FB51DCA"
        },
        {
            "source": "ARKU3Z61187FB51DCA",
            "target": "AR03BDP1187FB5B324"
        },
        {
            "source": "ARKU3Z61187FB51DCA",
            "target": "ARCGJ6U1187FB4D01F"
        },
        {
            "source": "ARUQ6301187FB54EBA",
            "target": "ARX9YIP1187B98A656"
        },
        {
            "source": "AR5OH1V1187FB574C3",
            "target": "ART3O5Z1187B9AB043"
        },
        {
            "source": "ARI7DOB1187FB37AA4",
            "target": "ARVN9FZ1187FB393F1"
        },
        {
            "source": "ARF84A41187B9A34E7",
            "target": "ARD3LXU1187B9ABFC5"
        },
        {
            "source": "AR2XI6G1187B9AE7DA",
            "target": "ARBCUNV1187B98A9FB"
        },
        {
            "source": "ARQOATR1187B9AE959",
            "target": "ARLR9U31187B9A71AD"
        },
        {
            "source": "ARBHBE91187B9A1F58",
            "target": "ART3O5Z1187B9AB043"
        },
        {
            "source": "ARUTEVU1187B9ACAF9",
            "target": "ARVN9FZ1187FB393F1"
        },
        {
            "source": "ARVG4OK1187B9B6BD3",
            "target": "AR6892W1187B9AC71B"
        },
        {
            "source": "ARVG4OK1187B9B6BD3",
            "target": "ARJ7KF01187B98D717"
        },
        {
            "source": "ARVG4OK1187B9B6BD3",
            "target": "ARVN9FZ1187FB393F1"
        },
        {
            "source": "AR6892W1187B9AC71B",
            "target": "ARH6W4X1187B99274F"
        },
        {
            "source": "ARR6LWJ1187FB44C8B",
            "target": "ARH6W4X1187B99274F"
        },
        {
            "source": "ARWK5QH1187B9A9B7F",
            "target": "ARXPPEY1187FB51DF4"
        },
        {
            "source": "ARWK5QH1187B9A9B7F",
            "target": "AR03BDP1187FB5B324"
        },
        {
            "source": "AR4L4WQ1187FB51996",
            "target": "ARD3LXU1187B9ABFC5"
        },
        {
            "source": "ART70HI1187B9A37BC",
            "target": "ART3O5Z1187B9AB043"
        },
        {
            "source": "ARIMZQZ1187B9AD541",
            "target": "AR46CAD1187FB4D84B"
        },
        {
            "source": "AR46CAD1187FB4D84B",
            "target": "ARUSOMY1187FB4D3B4"
        },
        {
            "source": "AR46CAD1187FB4D84B",
            "target": "ARZWK2R1187B98F09F"
        },
        {
            "source": "AROLNOH1187FB39845",
            "target": "ARSQDUN1187B98D7D7"
        },
        {
            "source": "AROLNOH1187FB39845",
            "target": "ARXWAQQ1187B9AE954"
        },
        {
            "source": "ARCYQ1P1187FB3F3CA",
            "target": "AR78ZID1187B9B31ED"
        },
        {
            "source": "AR78ZID1187B9B31ED",
            "target": "ARIRD6J1187FB5A98C"
        },
        {
            "source": "ARYNX5Z1187B999686",
            "target": "AR9W3X91187FB3994C"
        },
        {
            "source": "ARKSZW81187B9B695D",
            "target": "AR03BDP1187FB5B324"
        },
        {
            "source": "ARKSZW81187B9B695D",
            "target": "ARBEOHF1187B9B044D"
        },
        {
            "source": "ARJ7KF01187B98D717",
            "target": "ARH6W4X1187B99274F"
        },
        {
            "source": "ARJ7KF01187B98D717",
            "target": "ARVN9FZ1187FB393F1"
        },
        {
            "source": "ARVN9FZ1187FB393F1",
            "target": "AR4EQ231187B99368F"
        },
        {
            "source": "ARASYMJ1187B9ACAF2",
            "target": "AR12F2S1187FB56EEF"
        },
        {
            "source": "AR12F2S1187FB56EEF",
            "target": "ARUKN9H1187B9B71C8"
        },
        {
            "source": "ARVUN5F1187FB4CCC7",
            "target": "ARIRD6J1187FB5A98C"
        },
        {
            "source": "ARVUN5F1187FB4CCC7",
            "target": "ART5IUL1187B9B0143"
        },
        {
            "source": "ARIRD6J1187FB5A98C",
            "target": "ARD2F1Z1187FB3D27E"
        },
        {
            "source": "ARX9YIP1187B98A656",
            "target": "ARSQDUN1187B98D7D7"
        },
        {
            "source": "ARX9YIP1187B98A656",
            "target": "ARBCUNV1187B98A9FB"
        },
        {
            "source": "ARX9YIP1187B98A656",
            "target": "AR60C3O1187FB46737"
        },
        {
            "source": "ARX9YIP1187B98A656",
            "target": "ARB2M051187FB56FA9"
        },
        {
            "source": "AR13CXU1187B9AD30A",
            "target": "ARLR9U31187B9A71AD"
        },
        {
            "source": "AR13CXU1187B9AD30A",
            "target": "ARD3LXU1187B9ABFC5"
        },
        {
            "source": "ARLLRL61187B9B6698",
            "target": "ARLR9U31187B9A71AD"
        },
        {
            "source": "ARFZNR41187B990AF7",
            "target": "AR243ZT1187B9A98D2"
        },
        {
            "source": "ARKQ9JM1187FB57521",
            "target": "ARSQDUN1187B98D7D7"
        },
        {
            "source": "ARMRCET1187FB52049",
            "target": "ARBEOHF1187B9B044D"
        },
        {
            "source": "ARBEOHF1187B9B044D",
            "target": "AR03BDP1187FB5B324"
        },
        {
            "source": "ARBEOHF1187B9B044D",
            "target": "ARZQ7QA1187B9AD08B"
        },
        {
            "source": "ARBEOHF1187B9B044D",
            "target": "ARXPPEY1187FB51DF4"
        },
        {
            "source": "ARN7OQ21187FB5A6B3",
            "target": "ARE2QID1187B98FA19"
        },
        {
            "source": "ARSW5F51187FB4CFC9",
            "target": "AR6XPWV1187B9ADAEB"
        },
        {
            "source": "ARSQDUN1187B98D7D7",
            "target": "ARXWAQQ1187B9AE954"
        },
        {
            "source": "ARONPP01187B995FB5",
            "target": "ARD3LXU1187B9ABFC5"
        },
        {
            "source": "ARXWAQQ1187B9AE954",
            "target": "ARBCUNV1187B98A9FB"
        },
        {
            "source": "ARBCUNV1187B98A9FB",
            "target": "ARTH9041187FB43E1F"
        },
        {
            "source": "ARTH9041187FB43E1F",
            "target": "ARCGJ6U1187FB4D01F"
        },
        {
            "source": "ARZWK2R1187B98F09F",
            "target": "ARUSOMY1187FB4D3B4"
        },
        {
            "source": "ARZVTZN1187FB579D4",
            "target": "ARTBFV61187FB3C250"
        },
        {
            "source": "ARUKN9H1187B9B71C8",
            "target": "ARD8JVH1187FB4DA04"
        },
        {
            "source": "ARVBRGZ1187FB4675A",
            "target": "AR03BDP1187FB5B324"
        },
        {
            "source": "AR1SQSG1187B9AC782",
            "target": "ARH6W4X1187B99274F"
        },
        {
            "source": "ARZQ7QA1187B9AD08B",
            "target": "ARXPPEY1187FB51DF4"
        },
        {
            "source": "AR65OLD1187FB5C103",
            "target": "AR0KBXO1187B996460"
        },
        {
            "source": "ARJ9DSA1187B990E00",
            "target": "ART3O5Z1187B9AB043"
        },
        {
            "source": "ARJ9DSA1187B990E00",
            "target": "ARBFDJW1187B9AD27A"
        },
        {
            "source": "ARJ9DSA1187B990E00",
            "target": "AR7BMMV1187FB5B2D7"
        },
        {
            "source": "ARLR9U31187B9A71AD",
            "target": "ARD3LXU1187B9ABFC5"
        },
        {
            "source": "ARD3LXU1187B9ABFC5",
            "target": "ARUSOMY1187FB4D3B4"
        },
        {
            "source": "ART3O5Z1187B9AB043",
            "target": "ARBFDJW1187B9AD27A"
        },
        {
            "source": "ARUSOMY1187FB4D3B4",
            "target": "AR06EB01187FB40150"
        }
    ]
}